{"cameraMode":{"drawMode":0,"name":"Shaded","section":"Shading Mode"},"sceneLighting":true,"audioPlay":false,"sceneViewState":{"m_AlwaysRefresh":false,"showFog":true,"showSkybox":true,"showFlares":true,"showImageEffects":true,"showParticleSystems":true,"showVisualEffectGraphs":true,"m_FxEnabled":true},"in2DMode":false,"pivot":{"x":-5.502857685089111,"y":7.684354305267334,"z":4.683690547943115},"rotation":{"x":-0.11406317353248596,"y":-0.009264769032597542,"z":0.0012176405871286989,"w":-0.9934954047203064},"size":22.08478546142578,"orthographic":false}